{
	"class_name" : "PinholeCameraParameters",
	"extrinsic" : 
	[
		0.95548151619864063,
		0.15782637172768865,
		-0.24929081128276803,
		0.0,
		0.29187631121706331,
		-0.381989795208522,
		0.87686487859126372,
		0.0,
		0.043165856334228495,
		-0.91059026611524085,
		-0.41104996789089748,
		0.0,
		18.721868168660666,
		25.540703488554129,
		168.73789835123847,
		1.0
	],
	"intrinsic" : 
	{
		"height" : 986,
		"intrinsic_matrix" : 
		[
			853.90104813145661,
			0.0,
			0.0,
			0.0,
			853.90104813145661,
			0.0,
			804.5,
			492.5,
			1.0
		],
		"width" : 1610
	},
	"version_major" : 1,
	"version_minor" : 0
}