{
	"class_name" : "PinholeCameraParameters",
	"extrinsic" : 
	[
		-0.98171706959084104,
		-0.18243655861646255,
		-0.054300067717767617,
		0.0,
		0.057369541101883602,
		-0.01158579264388233,
		-0.99828578331185924,
		0.0,
		0.1814947134980284,
		-0.98314936377388518,
		0.021840272051272622,
		0.0,
		-11.75758793662191,
		5.5753852111565223,
		26.492706612507334,
		1.0
	],
	"intrinsic" : 
	{
		"height" : 1080,
		"intrinsic_matrix" : 
		[
			935.30743608719376,
			0.0,
			0.0,
			0.0,
			935.30743608719376,
			0.0,
			959.5,
			539.5,
			1.0
		],
		"width" : 1920
	},
	"version_major" : 1,
	"version_minor" : 0
}